id_unidade,nome,sigla,sigla_academica,id_unidade_responsavel,unidade_responsavel,id_unidade_gestora,unidade_gestora,id_gestora_academica,unidade_gestora_academica,tipo_organizacional,tipo_academica
"1264","NÚCLEO DE PSICOLOGIA DE ITABAIANA","NPSI","PSICI     ","118","CAMPUS PROFESSOR ALBERTO CARVALHO","605","FUNDAÇÃO UNIVERSIDADE FEDERAL DE SERGIPE","118","CAMPUS PROFESSOR ALBERTO CARVALHO","NÚCLEO                                            ","Departamento"
"1263","NÚCLEO DE DIREITO DE ITABAIANA","NDII","DIREI     ","118","CAMPUS PROFESSOR ALBERTO CARVALHO","605","FUNDAÇÃO UNIVERSIDADE FEDERAL DE SERGIPE","118","CAMPUS PROFESSOR ALBERTO CARVALHO","NÚCLEO                                            ","Departamento"
"1256","NÚCLEO DE ENGENHARIA DE PRODUÇÃO","NEPE","DEPE      ","1250","CAMPUS DE INOVAÇÃO DE ESTÂNCIA","605","FUNDAÇÃO UNIVERSIDADE FEDERAL DE SERGIPE","1250","CAMPUS DE INOVAÇÃO DE ESTÂNCIA","NÚCLEO                                            ","Departamento"
"1255","NÚCLEO DE GESTÃO E EMPREENDEDORISMO","NGEE","DGEE      ","1250","CAMPUS DE INOVAÇÃO DE ESTÂNCIA","605","FUNDAÇÃO UNIVERSIDADE FEDERAL DE SERGIPE","1250","CAMPUS DE INOVAÇÃO DE ESTÂNCIA","NÚCLEO                                            ","Departamento"
"1254","NÚCLEO DE GESTÃO AMBIENTAL","NGAE","DGAE      ","1250","CAMPUS DE INOVAÇÃO DE ESTÂNCIA","605","FUNDAÇÃO UNIVERSIDADE FEDERAL DE SERGIPE","1250","CAMPUS DE INOVAÇÃO DE ESTÂNCIA","NÚCLEO                                            ","Departamento"
"1253","NÚCLEO DE ENGENHARIA TÊXTIL","NETXE","DETXE     ","1250","CAMPUS DE INOVAÇÃO DE ESTÂNCIA","605","FUNDAÇÃO UNIVERSIDADE FEDERAL DE SERGIPE","1250","CAMPUS DE INOVAÇÃO DE ESTÂNCIA","NÚCLEO                                            ","Departamento"
"1252","NÚCLEO DE CIÊNCIA DOS DADOS","NCDE","DCDE      ","1250","CAMPUS DE INOVAÇÃO DE ESTÂNCIA","605","FUNDAÇÃO UNIVERSIDADE FEDERAL DE SERGIPE","1250","CAMPUS DE INOVAÇÃO DE ESTÂNCIA","NÚCLEO                                            ","Departamento"
"1251","NÚCLEO DE BIOTECNOLOGIA","NBTE","DBTE      ","1250","CAMPUS DE INOVAÇÃO DE ESTÂNCIA","605","FUNDAÇÃO UNIVERSIDADE FEDERAL DE SERGIPE","1250","CAMPUS DE INOVAÇÃO DE ESTÂNCIA","NÚCLEO                                            ","Departamento"
"833","DEPARTAMENTO DE ENGENHARIA DE PETRÓLEO","DEPET","EPET      ","80","CENTRO DE CIÊNCIAS EXATAS E TECNOLOGIA","605","FUNDAÇÃO UNIVERSIDADE FEDERAL DE SERGIPE","80","CENTRO DE CIÊNCIAS EXATAS E TECNOLOGIA","ACESSORIA                                         ","Departamento"
"932","DEPARTAMENTO DE ZOOTECNIA DO SERTÃO","DZOS","ZOOTS     ","931","CAMPUS DO SERTÃO","605","FUNDAÇÃO UNIVERSIDADE FEDERAL DE SERGIPE","931","CAMPUS DO SERTÃO","DEPARTAMENTO                                      ","Departamento"
"933","DEPARTAMENTO DE MEDICINA VETERINÁRIA DO SERTÃO","DMVS","VETES     ","931","CAMPUS DO SERTÃO","605","FUNDAÇÃO UNIVERSIDADE FEDERAL DE SERGIPE","931","CAMPUS DO SERTÃO","DEPARTAMENTO                                      ","Departamento"
"936","DEPARTAMENTO DE EDUCAÇÃO EM CIÊNCIAS AGRÁRIAS E DA TERRA DO SERTÃO","DECATS","AGRAS     ","931","CAMPUS DO SERTÃO","605","FUNDAÇÃO UNIVERSIDADE FEDERAL DE SERGIPE","931","CAMPUS DO SERTÃO","DEPARTAMENTO                                      ","Departamento"
"934","DEPARTAMENTO DE ENGENHARIA AGRONÔMICA DO SERTÃO","DEAS","AGROS     ","931","CAMPUS DO SERTÃO","605","FUNDAÇÃO UNIVERSIDADE FEDERAL DE SERGIPE","931","CAMPUS DO SERTÃO","DEPARTAMENTO                                      ","Departamento"
"935","DEPARTAMENTO DE AGROINDÚSTRIA DO SERTÃO","DEAGROS","AGRIS     ","931","CAMPUS DO SERTÃO","605","FUNDAÇÃO UNIVERSIDADE FEDERAL DE SERGIPE","931","CAMPUS DO SERTÃO","DEPARTAMENTO                                      ","Departamento"
"730","DEPARTAMENTO DE ESTUDO DOS PROBLEMAS BRASILEIROS","EPB","EPRBR     ","102","CENTRO DE EDUCAÇÃO E CIÊNCIAS HUMANAS","605","FUNDAÇÃO UNIVERSIDADE FEDERAL DE SERGIPE","102","CENTRO DE EDUCAÇÃO E CIÊNCIAS HUMANAS","DEPARTAMENTO                                      ","Departamento"
"734","DEPARTAMENTO DE CIRURGIA","DCR","DMCRG     ","87","CENTRO DE CIÊNCIAS BIOLÓGICAS E DA SAÚDE","605","FUNDAÇÃO UNIVERSIDADE FEDERAL DE SERGIPE","87","CENTRO DE CIÊNCIAS BIOLÓGICAS E DA SAÚDE","DEPARTAMENTO                                      ","Departamento"
"733","DEPARTAMENTO DE SAÚDE COMUNITÁRIA","DSCM","DSDCM     ","87","CENTRO DE CIÊNCIAS BIOLÓGICAS E DA SAÚDE","605","FUNDAÇÃO UNIVERSIDADE FEDERAL DE SERGIPE","87","CENTRO DE CIÊNCIAS BIOLÓGICAS E DA SAÚDE","DEPARTAMENTO                                      ","Departamento"
"704","UNIDADE DE PROPRIA","PQDP","PQDP      ","724","PROGRAMA DE QUALIFICAÇÃO DOCENTE","605","FUNDAÇÃO UNIVERSIDADE FEDERAL DE SERGIPE","724","PROGRAMA DE QUALIFICAÇÃO DOCENTE","NÚCLEO                                            ","Departamento"
"701","UNIDADE DE ESTANCIA","PQDE","PQDE      ","724","PROGRAMA DE QUALIFICAÇÃO DOCENTE","605","FUNDAÇÃO UNIVERSIDADE FEDERAL DE SERGIPE","724","PROGRAMA DE QUALIFICAÇÃO DOCENTE","NÚCLEO                                            ","Departamento"
"703","UNIDADE DE ITABAIANA","PQDI","PQDI      ","724","PROGRAMA DE QUALIFICAÇÃO DOCENTE","605","FUNDAÇÃO UNIVERSIDADE FEDERAL DE SERGIPE","724","PROGRAMA DE QUALIFICAÇÃO DOCENTE","NÚCLEO                                            ","Departamento"
"706","UNIDADE DE ARACAJU","PQDA","PQDA      ","724","PROGRAMA DE QUALIFICAÇÃO DOCENTE","605","FUNDAÇÃO UNIVERSIDADE FEDERAL DE SERGIPE","724","PROGRAMA DE QUALIFICAÇÃO DOCENTE","NÚCLEO                                            ","Departamento"
"705","UNIDADE DE NOSSA SENHORA DA GLORIA","PQDG","PQDG      ","724","PROGRAMA DE QUALIFICAÇÃO DOCENTE","605","FUNDAÇÃO UNIVERSIDADE FEDERAL DE SERGIPE","724","PROGRAMA DE QUALIFICAÇÃO DOCENTE","NÚCLEO                                            ","Departamento"
"702","UNIDADE DE LAGARTO","PQDL","PQDL      ","724","PROGRAMA DE QUALIFICAÇÃO DOCENTE","605","FUNDAÇÃO UNIVERSIDADE FEDERAL DE SERGIPE","724","PROGRAMA DE QUALIFICAÇÃO DOCENTE","NÚCLEO                                            ","Departamento"
"619","LICENCIATURA PLENA DO INTERIOR","DLP","DLP       ","724","PROGRAMA DE QUALIFICAÇÃO DOCENTE","605","FUNDAÇÃO UNIVERSIDADE FEDERAL DE SERGIPE","724","PROGRAMA DE QUALIFICAÇÃO DOCENTE","NÚCLEO                                            ","Departamento"
"617","PROQUERA","PQRA","PQRA      ","89","DEPARTAMENTO DE ENGENHARIA AGRONÔMICA","605","FUNDAÇÃO UNIVERSIDADE FEDERAL DE SERGIPE","87","CENTRO DE CIÊNCIAS BIOLÓGICAS E DA SAÚDE","NÚCLEO                                            ","Departamento"
"210","NÚCLEO DE FARMÁCIA","NUFAR","FARM      ","87","CENTRO DE CIÊNCIAS BIOLÓGICAS E DA SAÚDE","605","FUNDAÇÃO UNIVERSIDADE FEDERAL DE SERGIPE","87","CENTRO DE CIÊNCIAS BIOLÓGICAS E DA SAÚDE","NÚCLEO                                            ","Departamento"
"731","DEPARTAMENTO DE MEDICINA INTERNA E PATOLOGIA","DMPAT","DMPAT     ","87","CENTRO DE CIÊNCIAS BIOLÓGICAS E DA SAÚDE","605","FUNDAÇÃO UNIVERSIDADE FEDERAL DE SERGIPE","87","CENTRO DE CIÊNCIAS BIOLÓGICAS E DA SAÚDE","DEPARTAMENTO                                      ","Departamento"
"618","LICENCIATURA PLENA DO INTERIOR","LPI","LPI       ","724","PROGRAMA DE QUALIFICAÇÃO DOCENTE","605","FUNDAÇÃO UNIVERSIDADE FEDERAL DE SERGIPE","724","PROGRAMA DE QUALIFICAÇÃO DOCENTE","NÚCLEO                                            ","Departamento"
"98","DEPARTAMENTO DE DIREITO","DDI","DIRE      ","96","CENTRO DE CIENCIAS SOCIAIS APLICADAS","605","FUNDAÇÃO UNIVERSIDADE FEDERAL DE SERGIPE","96","CENTRO DE CIENCIAS SOCIAIS APLICADAS","DEPARTAMENTO                                      ","Departamento"
"195","DEPARTAMENTO DE MATEMÁTICA","DMAI","MATI      ","118","CAMPUS PROFESSOR ALBERTO CARVALHO","605","FUNDAÇÃO UNIVERSIDADE FEDERAL DE SERGIPE","118","CAMPUS PROFESSOR ALBERTO CARVALHO","DEPARTAMENTO                                      ","Departamento"
"192","DEPARTAMENTO DE FÍSICA","DFCI","FISII     ","118","CAMPUS PROFESSOR ALBERTO CARVALHO","605","FUNDAÇÃO UNIVERSIDADE FEDERAL DE SERGIPE","118","CAMPUS PROFESSOR ALBERTO CARVALHO","NÚCLEO                                            ","Departamento"
"189","DEPARTAMENTO DE ADMINISTRAÇÃO","DACI","ADMI      ","118","CAMPUS PROFESSOR ALBERTO CARVALHO","605","FUNDAÇÃO UNIVERSIDADE FEDERAL DE SERGIPE","118","CAMPUS PROFESSOR ALBERTO CARVALHO","NÚCLEO                                            ","Departamento"
"197","DEPARTAMENTO DE QUÍMICA","DQCI","QUII      ","118","CAMPUS PROFESSOR ALBERTO CARVALHO","605","FUNDAÇÃO UNIVERSIDADE FEDERAL DE SERGIPE","118","CAMPUS PROFESSOR ALBERTO CARVALHO","DEPARTAMENTO                                      ","Departamento"
"190","DEPARTAMENTO DE BIOCIENCIAS","DBCI","BIOI      ","118","CAMPUS PROFESSOR ALBERTO CARVALHO","605","FUNDAÇÃO UNIVERSIDADE FEDERAL DE SERGIPE","118","CAMPUS PROFESSOR ALBERTO CARVALHO","DEPARTAMENTO                                      ","Departamento"
"196","DEPARTAMENTO DE EDUCAÇÃO","DEDI","EDUI      ","118","CAMPUS PROFESSOR ALBERTO CARVALHO","605","FUNDAÇÃO UNIVERSIDADE FEDERAL DE SERGIPE","118","CAMPUS PROFESSOR ALBERTO CARVALHO","DEPARTAMENTO                                      ","Departamento"
"198","DEPARTAMENTO DE SISTEMA DE INFORMAÇÃO","DSI","SINF      ","118","CAMPUS PROFESSOR ALBERTO CARVALHO","605","FUNDAÇÃO UNIVERSIDADE FEDERAL DE SERGIPE","118","CAMPUS PROFESSOR ALBERTO CARVALHO","NÚCLEO                                            ","Departamento"
"613","DEPARTAMENTO DE NUTRIÇÃO","DNUTL","NUTRL     ","247","CAMPUS DE LAGARTO","605","FUNDAÇÃO UNIVERSIDADE FEDERAL DE SERGIPE","247","CAMPUS DE LAGARTO","NÚCLEO                                            ","Departamento"
"614","DEPARTAMENTO DE TERAPIA OCUPACIONAL","DTOL","TEOCP     ","247","CAMPUS DE LAGARTO","605","FUNDAÇÃO UNIVERSIDADE FEDERAL DE SERGIPE","247","CAMPUS DE LAGARTO","DEPARTAMENTO                                      ","Departamento"
"736","NÚCLEO DE GRADUAÇÃO EM CIÊNCIAS DA RELIGIÃO","NGCR","NGCR      ","102","CENTRO DE EDUCAÇÃO E CIÊNCIAS HUMANAS","605","FUNDAÇÃO UNIVERSIDADE FEDERAL DE SERGIPE","102","CENTRO DE EDUCAÇÃO E CIÊNCIAS HUMANAS","NÚCLEO                                            ","Departamento"
"219","DEPARTAMENTO DE MUSEOLOGIA","DMS","MUSEO     ","120","CAMPUS DE LARANJEIRAS","605","FUNDAÇÃO UNIVERSIDADE FEDERAL DE SERGIPE","120","CAMPUS DE LARANJEIRAS","DEPARTAMENTO                                      ","Departamento"
"608","DEPARTAMENTO DE MEDICINA LAGARTO","DMEL","MEDL      ","247","CAMPUS DE LAGARTO","605","FUNDAÇÃO UNIVERSIDADE FEDERAL DE SERGIPE","247","CAMPUS DE LAGARTO","NÚCLEO                                            ","Departamento"
"221","DEPARTAMENTO DE ARQUITETURA E URBANISMO","DAU","ARQUI     ","120","CAMPUS DE LARANJEIRAS","605","FUNDAÇÃO UNIVERSIDADE FEDERAL DE SERGIPE","120","CAMPUS DE LARANJEIRAS","DEPARTAMENTO                                      ","Departamento"
"107","DEPARTAMENTO DE CIÊNCIAS SOCIAIS","DCS","SOCIA     ","102","CENTRO DE EDUCAÇÃO E CIÊNCIAS HUMANAS","605","FUNDAÇÃO UNIVERSIDADE FEDERAL DE SERGIPE","102","CENTRO DE EDUCAÇÃO E CIÊNCIAS HUMANAS","DEPARTAMENTO                                      ","Departamento"
"218","DEPARTAMENTO DE ARQUEOLOGIA","DARQ","ARQU      ","120","CAMPUS DE LARANJEIRAS","605","FUNDAÇÃO UNIVERSIDADE FEDERAL DE SERGIPE","120","CAMPUS DE LARANJEIRAS","DEPARTAMENTO                                      ","Departamento"
"612","DEPARTAMENTO DE FISIOTERAPIA LAGARTO","DFTL","FISIL     ","247","CAMPUS DE LAGARTO","605","FUNDAÇÃO UNIVERSIDADE FEDERAL DE SERGIPE","247","CAMPUS DE LAGARTO","NÚCLEO                                            ","Departamento"
"609","DEPARTAMENTO DE ODONTOLOGIA","DOL","ODONL     ","247","CAMPUS DE LAGARTO","605","FUNDAÇÃO UNIVERSIDADE FEDERAL DE SERGIPE","247","CAMPUS DE LAGARTO","DEPARTAMENTO                                      ","Departamento"
"610","DEPARTAMENTO DE ENFERMAGEM","DENL","ENFEL     ","247","CAMPUS DE LAGARTO","605","FUNDAÇÃO UNIVERSIDADE FEDERAL DE SERGIPE","247","CAMPUS DE LAGARTO","DEPARTAMENTO                                      ","Departamento"
"611","DEPARTAMENTO DE FARMACIA","DFAL","FARML     ","247","CAMPUS DE LAGARTO","605","FUNDAÇÃO UNIVERSIDADE FEDERAL DE SERGIPE","247","CAMPUS DE LAGARTO","DEPARTAMENTO                                      ","Departamento"
"193","DEPARTAMENTO DE GEOGRAFIA","DGEI","GEOI      ","118","CAMPUS PROFESSOR ALBERTO CARVALHO","605","FUNDAÇÃO UNIVERSIDADE FEDERAL DE SERGIPE","118","CAMPUS PROFESSOR ALBERTO CARVALHO","DEPARTAMENTO                                      ","Departamento"
"86","DEPARTAMENTO DE QUÍMICA","DQI","QUI       ","80","CENTRO DE CIÊNCIAS EXATAS E TECNOLOGIA","605","FUNDAÇÃO UNIVERSIDADE FEDERAL DE SERGIPE","80","CENTRO DE CIÊNCIAS EXATAS E TECNOLOGIA","DEPARTAMENTO                                      ","Departamento"
"191","DEPARTAMENTO DE CIÊNCIAS CONTÁBEIS","DCCI","CONTI     ","118","CAMPUS PROFESSOR ALBERTO CARVALHO","605","FUNDAÇÃO UNIVERSIDADE FEDERAL DE SERGIPE","118","CAMPUS PROFESSOR ALBERTO CARVALHO","NÚCLEO                                            ","Departamento"
"615","DEPARTAMENTO DE FONOAUDIOLOGIA","DFOL","FONOL     ","247","CAMPUS DE LAGARTO","605","FUNDAÇÃO UNIVERSIDADE FEDERAL DE SERGIPE","247","CAMPUS DE LAGARTO","DEPARTAMENTO                                      ","Departamento"
"217","DEPARTAMENTO DE TEATRO","DTE","TEATR     ","102","CENTRO DE EDUCAÇÃO E CIÊNCIAS HUMANAS","605","FUNDAÇÃO UNIVERSIDADE FEDERAL DE SERGIPE","102","CENTRO DE EDUCAÇÃO E CIÊNCIAS HUMANAS","NÚCLEO                                            ","Departamento"
"194","DEPARTAMENTO DE LETRAS","DLI","LETRI     ","118","CAMPUS PROFESSOR ALBERTO CARVALHO","605","FUNDAÇÃO UNIVERSIDADE FEDERAL DE SERGIPE","118","CAMPUS PROFESSOR ALBERTO CARVALHO","DEPARTAMENTO                                      ","Departamento"
"81","DEPARTAMENTO DE ENGENHARIA CIVIL","DEC","ENCIV     ","80","CENTRO DE CIÊNCIAS EXATAS E TECNOLOGIA","605","FUNDAÇÃO UNIVERSIDADE FEDERAL DE SERGIPE","80","CENTRO DE CIÊNCIAS EXATAS E TECNOLOGIA","DEPARTAMENTO                                      ","Departamento"
"82","DEPARTAMENTO DE ENGENHARIA QUÍMICA","DEQ","EQUI      ","80","CENTRO DE CIÊNCIAS EXATAS E TECNOLOGIA","605","FUNDAÇÃO UNIVERSIDADE FEDERAL DE SERGIPE","80","CENTRO DE CIÊNCIAS EXATAS E TECNOLOGIA","DEPARTAMENTO                                      ","Departamento"
"83","DEPARTAMENTO DE COMPUTAÇÃO","DCOMP","COMP      ","80","CENTRO DE CIÊNCIAS EXATAS E TECNOLOGIA","605","FUNDAÇÃO UNIVERSIDADE FEDERAL DE SERGIPE","80","CENTRO DE CIÊNCIAS EXATAS E TECNOLOGIA","DEPARTAMENTO                                      ","Departamento"
"84","DEPARTAMENTO DE FÍSICA","DFI","FISI      ","80","CENTRO DE CIÊNCIAS EXATAS E TECNOLOGIA","605","FUNDAÇÃO UNIVERSIDADE FEDERAL DE SERGIPE","80","CENTRO DE CIÊNCIAS EXATAS E TECNOLOGIA","DEPARTAMENTO                                      ","Departamento"
"85","DEPARTAMENTO DE MATEMÁTICA","DMA","MAT       ","80","CENTRO DE CIÊNCIAS EXATAS E TECNOLOGIA","605","FUNDAÇÃO UNIVERSIDADE FEDERAL DE SERGIPE","80","CENTRO DE CIÊNCIAS EXATAS E TECNOLOGIA","DEPARTAMENTO                                      ","Departamento"
"88","DEPARTAMENTO DE BIOLOGIA","DBI","BIOL      ","87","CENTRO DE CIÊNCIAS BIOLÓGICAS E DA SAÚDE","605","FUNDAÇÃO UNIVERSIDADE FEDERAL DE SERGIPE","87","CENTRO DE CIÊNCIAS BIOLÓGICAS E DA SAÚDE","DEPARTAMENTO                                      ","Departamento"
"89","DEPARTAMENTO DE ENGENHARIA AGRONÔMICA","DEA","AGRON     ","855","CENTRO DE CIÊNCIAS AGRÁRIAS APLICADAS","605","FUNDAÇÃO UNIVERSIDADE FEDERAL DE SERGIPE","855","CENTRO DE CIÊNCIAS AGRÁRIAS APLICADAS","DEPARTAMENTO                                      ","Departamento"
"90","DEPARTAMENTO DE EDUCAÇÃO FÍSICA","DEF","EDFIS     ","87","CENTRO DE CIÊNCIAS BIOLÓGICAS E DA SAÚDE","605","FUNDAÇÃO UNIVERSIDADE FEDERAL DE SERGIPE","87","CENTRO DE CIÊNCIAS BIOLÓGICAS E DA SAÚDE","DEPARTAMENTO                                      ","Departamento"
"91","DEPARTAMENTO DE ENFERMAGEM","DEN","ENFER     ","87","CENTRO DE CIÊNCIAS BIOLÓGICAS E DA SAÚDE","605","FUNDAÇÃO UNIVERSIDADE FEDERAL DE SERGIPE","87","CENTRO DE CIÊNCIAS BIOLÓGICAS E DA SAÚDE","DEPARTAMENTO                                      ","Departamento"
"92","DEPARTAMENTO DE FISIOLOGIA","DFS","FISOL     ","87","CENTRO DE CIÊNCIAS BIOLÓGICAS E DA SAÚDE","605","FUNDAÇÃO UNIVERSIDADE FEDERAL DE SERGIPE","87","CENTRO DE CIÊNCIAS BIOLÓGICAS E DA SAÚDE","DEPARTAMENTO                                      ","Departamento"
"94","DEPARTAMENTO DE MORFOLOGIA","DMO","MORFO     ","87","CENTRO DE CIÊNCIAS BIOLÓGICAS E DA SAÚDE","605","FUNDAÇÃO UNIVERSIDADE FEDERAL DE SERGIPE","87","CENTRO DE CIÊNCIAS BIOLÓGICAS E DA SAÚDE","DEPARTAMENTO                                      ","Departamento"
"95","DEPARTAMENTO DE ODONTOLOGIA","DOD","ODON      ","87","CENTRO DE CIÊNCIAS BIOLÓGICAS E DA SAÚDE","605","FUNDAÇÃO UNIVERSIDADE FEDERAL DE SERGIPE","87","CENTRO DE CIÊNCIAS BIOLÓGICAS E DA SAÚDE","DEPARTAMENTO                                      ","Departamento"
"97","DEPARTAMENTO DE ADMINISTRAÇÃO","DAD","ADM       ","96","CENTRO DE CIENCIAS SOCIAIS APLICADAS","605","FUNDAÇÃO UNIVERSIDADE FEDERAL DE SERGIPE","96","CENTRO DE CIENCIAS SOCIAIS APLICADAS","DEPARTAMENTO                                      ","Departamento"
"100","DEPARTAMENTO DE SERVIÇO SOCIAL","DSS","SSOCI     ","96","CENTRO DE CIENCIAS SOCIAIS APLICADAS","605","FUNDAÇÃO UNIVERSIDADE FEDERAL DE SERGIPE","96","CENTRO DE CIENCIAS SOCIAIS APLICADAS","DEPARTAMENTO                                      ","Departamento"
"101","DEPARTAMENTO DE CIÊNCIAS CONTÁBEIS","DCC","CONTA     ","96","CENTRO DE CIENCIAS SOCIAIS APLICADAS","605","FUNDAÇÃO UNIVERSIDADE FEDERAL DE SERGIPE","96","CENTRO DE CIENCIAS SOCIAIS APLICADAS","DEPARTAMENTO                                      ","Departamento"
"103","DEPARTAMENTO DE EDUCAÇÃO","DED","EDU       ","102","CENTRO DE EDUCAÇÃO E CIÊNCIAS HUMANAS","605","FUNDAÇÃO UNIVERSIDADE FEDERAL DE SERGIPE","102","CENTRO DE EDUCAÇÃO E CIÊNCIAS HUMANAS","DEPARTAMENTO                                      ","Departamento"
"104","DEPARTAMENTO DE FILOSOFIA","DFL","FILO      ","102","CENTRO DE EDUCAÇÃO E CIÊNCIAS HUMANAS","605","FUNDAÇÃO UNIVERSIDADE FEDERAL DE SERGIPE","102","CENTRO DE EDUCAÇÃO E CIÊNCIAS HUMANAS","DEPARTAMENTO                                      ","Departamento"
"105","DEPARTAMENTO DE GEOGRAFIA","DGE","GEO       ","102","CENTRO DE EDUCAÇÃO E CIÊNCIAS HUMANAS","605","FUNDAÇÃO UNIVERSIDADE FEDERAL DE SERGIPE","102","CENTRO DE EDUCAÇÃO E CIÊNCIAS HUMANAS","DEPARTAMENTO                                      ","Departamento"
"106","DEPARTAMENTO DE LETRAS ESTRANGEIRAS","DLES","LETR      ","102","CENTRO DE EDUCAÇÃO E CIÊNCIAS HUMANAS","605","FUNDAÇÃO UNIVERSIDADE FEDERAL DE SERGIPE","102","CENTRO DE EDUCAÇÃO E CIÊNCIAS HUMANAS","DEPARTAMENTO                                      ","Departamento"
"108","DEPARTAMENTO DE PSICOLOGIA","DPS","PSIC      ","102","CENTRO DE EDUCAÇÃO E CIÊNCIAS HUMANAS","605","FUNDAÇÃO UNIVERSIDADE FEDERAL DE SERGIPE","102","CENTRO DE EDUCAÇÃO E CIÊNCIAS HUMANAS","DEPARTAMENTO                                      ","Departamento"
"109","DEPARTAMENTO DE HISTÓRIA","DHI","HIST      ","102","CENTRO DE EDUCAÇÃO E CIÊNCIAS HUMANAS","605","FUNDAÇÃO UNIVERSIDADE FEDERAL DE SERGIPE","102","CENTRO DE EDUCAÇÃO E CIÊNCIAS HUMANAS","DEPARTAMENTO                                      ","Departamento"
"117","DEPARTAMENTO DE COMUNICAÇÃO SOCIAL","DCOS","COMSO     ","102","CENTRO DE EDUCAÇÃO E CIÊNCIAS HUMANAS","605","FUNDAÇÃO UNIVERSIDADE FEDERAL DE SERGIPE","102","CENTRO DE EDUCAÇÃO E CIÊNCIAS HUMANAS","DEPARTAMENTO                                      ","Departamento"
"199","DEPARTAMENTO DE ENGENHARIA ELÉTRICA","DEL","ELET      ","80","CENTRO DE CIÊNCIAS EXATAS E TECNOLOGIA","605","FUNDAÇÃO UNIVERSIDADE FEDERAL DE SERGIPE","80","CENTRO DE CIÊNCIAS EXATAS E TECNOLOGIA","DEPARTAMENTO                                      ","Departamento"
"200","DEPARTAMENTO DE ESTATÍSTICA E CIÊNCIAS ATUARIAIS","DECAT","ESTAT     ","80","CENTRO DE CIÊNCIAS EXATAS E TECNOLOGIA","605","FUNDAÇÃO UNIVERSIDADE FEDERAL DE SERGIPE","80","CENTRO DE CIÊNCIAS EXATAS E TECNOLOGIA","DEPARTAMENTO                                      ","Departamento"
"202","DEPARTAMENTO DE CIÊNCIAS FLORESTAIS","DCF","FLORE     ","855","CENTRO DE CIÊNCIAS AGRÁRIAS APLICADAS","605","FUNDAÇÃO UNIVERSIDADE FEDERAL DE SERGIPE","855","CENTRO DE CIÊNCIAS AGRÁRIAS APLICADAS","DEPARTAMENTO                                      ","Departamento"
"203","DEPARTAMENTO DE ZOOTECNIA","DZO","ZOOT      ","855","CENTRO DE CIÊNCIAS AGRÁRIAS APLICADAS","605","FUNDAÇÃO UNIVERSIDADE FEDERAL DE SERGIPE","855","CENTRO DE CIÊNCIAS AGRÁRIAS APLICADAS","DEPARTAMENTO                                      ","Departamento"
"204","DEPARTAMENTO DE GEOLOGIA","DGEOL","GEOLO     ","80","CENTRO DE CIÊNCIAS EXATAS E TECNOLOGIA","605","FUNDAÇÃO UNIVERSIDADE FEDERAL DE SERGIPE","80","CENTRO DE CIÊNCIAS EXATAS E TECNOLOGIA","DEPARTAMENTO                                      ","Departamento"
"205","DEPARTAMENTO DE CIÊNCIA E ENGENHARIA DE MATERIAIS","DCEM","EMAT      ","80","CENTRO DE CIÊNCIAS EXATAS E TECNOLOGIA","605","FUNDAÇÃO UNIVERSIDADE FEDERAL DE SERGIPE","80","CENTRO DE CIÊNCIAS EXATAS E TECNOLOGIA","DEPARTAMENTO                                      ","Departamento"
"206","DEPARTAMENTO DE TECNOLOGIA DE ALIMENTOS","DTA","ALIM      ","80","CENTRO DE CIÊNCIAS EXATAS E TECNOLOGIA","605","FUNDAÇÃO UNIVERSIDADE FEDERAL DE SERGIPE","80","CENTRO DE CIÊNCIAS EXATAS E TECNOLOGIA","DEPARTAMENTO                                      ","Departamento"
"207","DEPARTAMENTO DE ENGENHARIA MECÂNICA","DMEC","ENMEC     ","80","CENTRO DE CIÊNCIAS EXATAS E TECNOLOGIA","605","FUNDAÇÃO UNIVERSIDADE FEDERAL DE SERGIPE","80","CENTRO DE CIÊNCIAS EXATAS E TECNOLOGIA","DEPARTAMENTO                                      ","Departamento"
"209","DEPARTAMENTO DE FISIOTERAPIA","DFT","FISTR     ","87","CENTRO DE CIÊNCIAS BIOLÓGICAS E DA SAÚDE","605","FUNDAÇÃO UNIVERSIDADE FEDERAL DE SERGIPE","87","CENTRO DE CIÊNCIAS BIOLÓGICAS E DA SAÚDE","NÚCLEO                                            ","Departamento"
"211","DEPARTAMENTO DE ENGENHARIA DE PESCA E AQUICULTURA","DEPAQ","PESCA     ","855","CENTRO DE CIÊNCIAS AGRÁRIAS APLICADAS","605","FUNDAÇÃO UNIVERSIDADE FEDERAL DE SERGIPE","855","CENTRO DE CIÊNCIAS AGRÁRIAS APLICADAS","DEPARTAMENTO                                      ","Departamento"
"214","DEPARTAMENTO DE ENGENHARIA DE PRODUÇÃO","DEPRO","EPROD     ","80","CENTRO DE CIÊNCIAS EXATAS E TECNOLOGIA","605","FUNDAÇÃO UNIVERSIDADE FEDERAL DE SERGIPE","80","CENTRO DE CIÊNCIAS EXATAS E TECNOLOGIA","NÚCLEO                                            ","Departamento"
"215","DEPARTAMENTO DE TURISMO","DTUR","TURIS     ","96","CENTRO DE CIENCIAS SOCIAIS APLICADAS","605","FUNDAÇÃO UNIVERSIDADE FEDERAL DE SERGIPE","96","CENTRO DE CIENCIAS SOCIAIS APLICADAS","NÚCLEO                                            ","Departamento"
"216","DEPARTAMENTO DE MÚSICA","DMU","MUSIC     ","102","CENTRO DE EDUCAÇÃO E CIÊNCIAS HUMANAS","605","FUNDAÇÃO UNIVERSIDADE FEDERAL DE SERGIPE","102","CENTRO DE EDUCAÇÃO E CIÊNCIAS HUMANAS","DEPARTAMENTO                                      ","Departamento"
"244","DEPARTAMENTO DE RELAÇÕES INTERNACIONAIS","DRI","INTER     ","96","CENTRO DE CIENCIAS SOCIAIS APLICADAS","605","FUNDAÇÃO UNIVERSIDADE FEDERAL DE SERGIPE","96","CENTRO DE CIENCIAS SOCIAIS APLICADAS","DEPARTAMENTO                                      ","Departamento"
"245","DEPARTAMENTO DE CIÊNCIA DA INFORMAÇÃO","DCI","CINFO     ","96","CENTRO DE CIENCIAS SOCIAIS APLICADAS","605","FUNDAÇÃO UNIVERSIDADE FEDERAL DE SERGIPE","96","CENTRO DE CIENCIAS SOCIAIS APLICADAS","DEPARTAMENTO                                      ","Departamento"
"431","DEPARTAMENTO DE ARTES VISUAIS E DESIGN","DAVD","DESIG     ","102","CENTRO DE EDUCAÇÃO E CIÊNCIAS HUMANAS","605","FUNDAÇÃO UNIVERSIDADE FEDERAL DE SERGIPE","102","CENTRO DE EDUCAÇÃO E CIÊNCIAS HUMANAS","DEPARTAMENTO                                      ","Departamento"
"607","DEPARTAMENTO DE ENGENHARIA AMBIENTAL","DEAM","ENAMB     ","80","CENTRO DE CIÊNCIAS EXATAS E TECNOLOGIA","605","FUNDAÇÃO UNIVERSIDADE FEDERAL DE SERGIPE","80","CENTRO DE CIÊNCIAS EXATAS E TECNOLOGIA","NÚCLEO                                            ","Departamento"
"707","DEPARTAMENTO DE ECOLOGIA","DECO","ECO       ","87","CENTRO DE CIÊNCIAS BIOLÓGICAS E DA SAÚDE","605","FUNDAÇÃO UNIVERSIDADE FEDERAL DE SERGIPE","87","CENTRO DE CIÊNCIAS BIOLÓGICAS E DA SAÚDE","DEPARTAMENTO                                      ","Departamento"
"720","DEPARTAMENTO DE LETRAS VERNÁCULAS","DLEV","LETRV     ","102","CENTRO DE EDUCAÇÃO E CIÊNCIAS HUMANAS","605","FUNDAÇÃO UNIVERSIDADE FEDERAL DE SERGIPE","102","CENTRO DE EDUCAÇÃO E CIÊNCIAS HUMANAS","DEPARTAMENTO                                      ","Departamento"
"820","DEPARTAMENTO DE FARMÁCIA","DFA","DFA       ","87","CENTRO DE CIÊNCIAS BIOLÓGICAS E DA SAÚDE","605","FUNDAÇÃO UNIVERSIDADE FEDERAL DE SERGIPE","87","CENTRO DE CIÊNCIAS BIOLÓGICAS E DA SAÚDE","DEPARTAMENTO                                      ","Departamento"
"912","DEPARTAMENTO DE LETRAS LIBRAS","DELI","LETRL     ","102","CENTRO DE EDUCAÇÃO E CIÊNCIAS HUMANAS","605","FUNDAÇÃO UNIVERSIDADE FEDERAL DE SERGIPE","102","CENTRO DE EDUCAÇÃO E CIÊNCIAS HUMANAS","DEPARTAMENTO                                      ","Departamento"
"616","DEPARTAMENTO DE EDUCAÇÃO EM SAÚDE","DESL","EDSAU     ","247","CAMPUS DE LAGARTO","605","FUNDAÇÃO UNIVERSIDADE FEDERAL DE SERGIPE","247","CAMPUS DE LAGARTO","DEPARTAMENTO                                      ","Departamento"
"220","DEPARTAMENTO DE DANÇA/CAMPUSLAR","DDA","DANCA     ","120","CAMPUS DE LARANJEIRAS","605","FUNDAÇÃO UNIVERSIDADE FEDERAL DE SERGIPE","120","CAMPUS DE LARANJEIRAS","DEPARTAMENTO                                      ","Departamento"
"723","DEPARTAMENTO DE ENGENHARIA AGRÍCOLA","DEAGRI","AGRIC     ","855","CENTRO DE CIÊNCIAS AGRÁRIAS APLICADAS","605","FUNDAÇÃO UNIVERSIDADE FEDERAL DE SERGIPE","855","CENTRO DE CIÊNCIAS AGRÁRIAS APLICADAS","DEPARTAMENTO                                      ","Departamento"
"208","DEPARTAMENTO DE NUTRIÇÃO","DNUT","NUTR      ","87","CENTRO DE CIÊNCIAS BIOLÓGICAS E DA SAÚDE","605","FUNDAÇÃO UNIVERSIDADE FEDERAL DE SERGIPE","87","CENTRO DE CIÊNCIAS BIOLÓGICAS E DA SAÚDE","DEPARTAMENTO                                      ","Departamento"
"212","DEPARTAMENTO DE FONOAUDIOLOGIA","DFO","FONO      ","87","CENTRO DE CIÊNCIAS BIOLÓGICAS E DA SAÚDE","605","FUNDAÇÃO UNIVERSIDADE FEDERAL DE SERGIPE","87","CENTRO DE CIÊNCIAS BIOLÓGICAS E DA SAÚDE","DEPARTAMENTO                                      ","Departamento"
"93","DEPARTAMENTO DE MEDICINA","DME","MEDI      ","87","CENTRO DE CIÊNCIAS BIOLÓGICAS E DA SAÚDE","605","FUNDAÇÃO UNIVERSIDADE FEDERAL DE SERGIPE","87","CENTRO DE CIÊNCIAS BIOLÓGICAS E DA SAÚDE","DEPARTAMENTO                                      ","Departamento"
"432","DEPARTAMENTO DE MEDICINA VETERINÁRIA","DMV","VETER     ","855","CENTRO DE CIÊNCIAS AGRÁRIAS APLICADAS","605","FUNDAÇÃO UNIVERSIDADE FEDERAL DE SERGIPE","855","CENTRO DE CIÊNCIAS AGRÁRIAS APLICADAS","DEPARTAMENTO                                      ","Departamento"
"99","DEPARTAMENTO DE ECONOMIA","DEE","ECONO     ","96","CENTRO DE CIENCIAS SOCIAIS APLICADAS","605","FUNDAÇÃO UNIVERSIDADE FEDERAL DE SERGIPE","96","CENTRO DE CIENCIAS SOCIAIS APLICADAS","DEPARTAMENTO                                      ","Departamento"
"213","DEPARTAMENTO DE SECRETARIADO EXECUTIVO","DSE","EXEC      ","96","CENTRO DE CIENCIAS SOCIAIS APLICADAS","605","FUNDAÇÃO UNIVERSIDADE FEDERAL DE SERGIPE","96","CENTRO DE CIENCIAS SOCIAIS APLICADAS","DEPARTAMENTO                                      ","Departamento"
"110","COLÉGIO DE APLICAÇÃO","CODAP","CODAP     ","605","FUNDAÇÃO UNIVERSIDADE FEDERAL DE SERGIPE","605","FUNDAÇÃO UNIVERSIDADE FEDERAL DE SERGIPE","605","FUNDAÇÃO UNIVERSIDADE FEDERAL DE SERGIPE","ESCOLA                                            ","Escola"
"238","PROGRAMA DE PÓS-GRADUAÇÃO EM ENGENHARIA QUÍMICA","PEQ","PEQ       ","65","PRÓ-REITORIA DE PÓS-GRADUAÇÃO E PESQUISA","605","FUNDAÇÃO UNIVERSIDADE FEDERAL DE SERGIPE","65","PRÓ-REITORIA DE PÓS-GRADUAÇÃO E PESQUISA","NÚCLEO                                            ","Programa de Pós Graduação"
"1230","PROGRAMA DE PÓS-GRADUAÇÃO PROFISSIONAL EM GESTÃO E REGULAÇÃO DE RECURSOS HÍDRICOS","PROFAGUA","PROFAGUA  ","65","PRÓ-REITORIA DE PÓS-GRADUAÇÃO E PESQUISA","605","FUNDAÇÃO UNIVERSIDADE FEDERAL DE SERGIPE","65","PRÓ-REITORIA DE PÓS-GRADUAÇÃO E PESQUISA","NÚCLEO                                            ","Programa de Pós Graduação"
"965","PROGRAMA DE PÓS-GRADUAÇÃO INTERDISCIPLINAR EM CINEMA","PPGCINE","PPGCINE   ","65","PRÓ-REITORIA DE PÓS-GRADUAÇÃO E PESQUISA","605","FUNDAÇÃO UNIVERSIDADE FEDERAL DE SERGIPE","65","PRÓ-REITORIA DE PÓS-GRADUAÇÃO E PESQUISA","NÚCLEO                                            ","Programa de Pós Graduação"
"719","PROGRAMA DE PÓS-GRADUAÇÃO EM BIOTECNOLOGIA","RENORBIO","RENORBIO  ","65","PRÓ-REITORIA DE PÓS-GRADUAÇÃO E PESQUISA","605","FUNDAÇÃO UNIVERSIDADE FEDERAL DE SERGIPE","65","PRÓ-REITORIA DE PÓS-GRADUAÇÃO E PESQUISA","NÚCLEO                                            ","Programa de Pós Graduação"
"726","PROGRAMA DE PÓS-GRADUAÇÃO EM CIÊNCIAS DO MOVIMENTO","PPGCM","PPGCM     ","65","PRÓ-REITORIA DE PÓS-GRADUAÇÃO E PESQUISA","605","FUNDAÇÃO UNIVERSIDADE FEDERAL DE SERGIPE","65","PRÓ-REITORIA DE PÓS-GRADUAÇÃO E PESQUISA","NÚCLEO                                            ","Programa de Pós Graduação"
"1242","PROGRAMA DE PÓS-GRADUAÇÃO PROFISSIONAL EM LETRAS ESTRANGEIRAS","PPGLES","PPGLES    ","65","PRÓ-REITORIA DE PÓS-GRADUAÇÃO E PESQUISA","605","FUNDAÇÃO UNIVERSIDADE FEDERAL DE SERGIPE","65","PRÓ-REITORIA DE PÓS-GRADUAÇÃO E PESQUISA","COORDENAÇÃO                                       ","Programa de Pós Graduação"
"1241","PROGRAMA DE PÓS-GRADUAÇÃO EM RELAÇÕES INTERNACIONAIS","PPGRI","PPGRI     ","65","PRÓ-REITORIA DE PÓS-GRADUAÇÃO E PESQUISA","605","FUNDAÇÃO UNIVERSIDADE FEDERAL DE SERGIPE","65","PRÓ-REITORIA DE PÓS-GRADUAÇÃO E PESQUISA","COORDENAÇÃO                                       ","Programa de Pós Graduação"
"1233","PROGRAMA DE PÓS-GRADUAÇÃO PROFISSIONAL EM EDUCAÇÃO INCLUSIVA","PROFEI","PROFEI    ","65","PRÓ-REITORIA DE PÓS-GRADUAÇÃO E PESQUISA","605","FUNDAÇÃO UNIVERSIDADE FEDERAL DE SERGIPE","65","PRÓ-REITORIA DE PÓS-GRADUAÇÃO E PESQUISA","COORDENAÇÃO                                       ","Programa de Pós Graduação"
"1211","PROGRAMA DE PÓS-GRADUAÇÃO PROFISSIONAL EM SAÚDE DA FAMÍLIA","PROFSAUDE","PROFSAUDE ","65","PRÓ-REITORIA DE PÓS-GRADUAÇÃO E PESQUISA","605","FUNDAÇÃO UNIVERSIDADE FEDERAL DE SERGIPE","65","PRÓ-REITORIA DE PÓS-GRADUAÇÃO E PESQUISA","NÚCLEO                                            ","Programa de Pós Graduação"
"895","PROGRAMA DE PÓS-GRADUAÇÃO PROFISSIONAL EM ADMINISTRAÇÃO PÚBLICA","PROFIAP","PROFIAP   ","65","PRÓ-REITORIA DE PÓS-GRADUAÇÃO E PESQUISA","605","FUNDAÇÃO UNIVERSIDADE FEDERAL DE SERGIPE","65","PRÓ-REITORIA DE PÓS-GRADUAÇÃO E PESQUISA","NÚCLEO                                            ","Programa de Pós Graduação"
"876","PROGRAMA DE PÓS-GRADUAÇÃO EM AGRICULTURA E BIODIVERSIDADE","PPGAGRI","PPGAGRI   ","65","PRÓ-REITORIA DE PÓS-GRADUAÇÃO E PESQUISA","605","FUNDAÇÃO UNIVERSIDADE FEDERAL DE SERGIPE","65","PRÓ-REITORIA DE PÓS-GRADUAÇÃO E PESQUISA","NÚCLEO                                            ","Programa de Pós Graduação"
"970","PROGRAMA DE PÓS-GRADUAÇÃO PROFISSIONAL EM ENSINO DE HISTÓRIA","PROFHISTOR","PROFHIS   ","65","PRÓ-REITORIA DE PÓS-GRADUAÇÃO E PESQUISA","605","FUNDAÇÃO UNIVERSIDADE FEDERAL DE SERGIPE","65","PRÓ-REITORIA DE PÓS-GRADUAÇÃO E PESQUISA","NÚCLEO                                            ","Programa de Pós Graduação"
"737","PROGRAMA DE PÓS-GRADUAÇÃO EM RECURSOS HÍDRICOS","PRORH","PRORH     ","65","PRÓ-REITORIA DE PÓS-GRADUAÇÃO E PESQUISA","605","FUNDAÇÃO UNIVERSIDADE FEDERAL DE SERGIPE","65","PRÓ-REITORIA DE PÓS-GRADUAÇÃO E PESQUISA","NÚCLEO                                            ","Programa de Pós Graduação"
"725","PROGRAMA DE PÓS-GRADUAÇÃO EM ADMINISTRAÇÃO","PROPADM","PROPADM   ","65","PRÓ-REITORIA DE PÓS-GRADUAÇÃO E PESQUISA","605","FUNDAÇÃO UNIVERSIDADE FEDERAL DE SERGIPE","65","PRÓ-REITORIA DE PÓS-GRADUAÇÃO E PESQUISA","NÚCLEO                                            ","Programa de Pós Graduação"
"718","PROGRAMA DE PÓS-GRADUAÇÃO EM SERVIÇO SOCIAL","PROSS","PROSS     ","65","PRÓ-REITORIA DE PÓS-GRADUAÇÃO E PESQUISA","605","FUNDAÇÃO UNIVERSIDADE FEDERAL DE SERGIPE","65","PRÓ-REITORIA DE PÓS-GRADUAÇÃO E PESQUISA","NÚCLEO                                            ","Programa de Pós Graduação"
"243","PROGRAMA DE PÓS-GRADUAÇÃO EM ANTROPOLOGIA","PPGA","PPGA      ","65","PRÓ-REITORIA DE PÓS-GRADUAÇÃO E PESQUISA","605","FUNDAÇÃO UNIVERSIDADE FEDERAL DE SERGIPE","65","PRÓ-REITORIA DE PÓS-GRADUAÇÃO E PESQUISA","NÚCLEO                                            ","Programa de Pós Graduação"
"139","PROGRAMA DE PÓS-GRADUAÇÃO EM SOCIOLOGIA","PPGS","PPGS      ","65","PRÓ-REITORIA DE PÓS-GRADUAÇÃO E PESQUISA","605","FUNDAÇÃO UNIVERSIDADE FEDERAL DE SERGIPE","65","PRÓ-REITORIA DE PÓS-GRADUAÇÃO E PESQUISA","NÚCLEO                                            ","Programa de Pós Graduação"
"709","PROGRAMA DE PÓS-GRADUAÇÃO EM ARQUEOLOGIA","PROARQ","PROARQ    ","65","PRÓ-REITORIA DE PÓS-GRADUAÇÃO E PESQUISA","605","FUNDAÇÃO UNIVERSIDADE FEDERAL DE SERGIPE","65","PRÓ-REITORIA DE PÓS-GRADUAÇÃO E PESQUISA","NÚCLEO                                            ","Programa de Pós Graduação"
"964","PROGRAMA DE PÓS-GRADUAÇÃO EM BIOTECNOLOGIA","PROBIO","PROBIO    ","65","PRÓ-REITORIA DE PÓS-GRADUAÇÃO E PESQUISA","605","FUNDAÇÃO UNIVERSIDADE FEDERAL DE SERGIPE","65","PRÓ-REITORIA DE PÓS-GRADUAÇÃO E PESQUISA","NÚCLEO                                            ","Programa de Pós Graduação"
"715","PROGRAMA DE PÓS-GRADUAÇÃO EM BIOLOGIA PARASITÁRIA","PROBP","PROBP     ","65","PRÓ-REITORIA DE PÓS-GRADUAÇÃO E PESQUISA","605","FUNDAÇÃO UNIVERSIDADE FEDERAL DE SERGIPE","65","PRÓ-REITORIA DE PÓS-GRADUAÇÃO E PESQUISA","NÚCLEO                                            ","Programa de Pós Graduação"
"859","PROGRAMA DE PÓS-GRADUAÇÃO PROFISSIONAL EM ENSINO DE FÍSICA","PPGPF","PPGPF     ","65","PRÓ-REITORIA DE PÓS-GRADUAÇÃO E PESQUISA","605","FUNDAÇÃO UNIVERSIDADE FEDERAL DE SERGIPE","65","PRÓ-REITORIA DE PÓS-GRADUAÇÃO E PESQUISA","NÚCLEO                                            ","Programa de Pós Graduação"
"710","PROGRAMA DE PÓS-GRADUAÇÃO EM CIÊNCIA DA COMPUTAÇÃO","PROCC","PROCC     ","65","PRÓ-REITORIA DE PÓS-GRADUAÇÃO E PESQUISA","605","FUNDAÇÃO UNIVERSIDADE FEDERAL DE SERGIPE","65","PRÓ-REITORIA DE PÓS-GRADUAÇÃO E PESQUISA","NÚCLEO                                            ","Programa de Pós Graduação"
"1051","PROGRAMA DE PÓS-GRADUAÇÃO EM CIÊNCIA DA INFORMAÇÃO","PPGCI","PPGCI     ","65","PRÓ-REITORIA DE PÓS-GRADUAÇÃO E PESQUISA","605","FUNDAÇÃO UNIVERSIDADE FEDERAL DE SERGIPE","65","PRÓ-REITORIA DE PÓS-GRADUAÇÃO E PESQUISA","NÚCLEO                                            ","Programa de Pós Graduação"
"1168","PROGRAMA DE PÓS-GRADUAÇÃO INTEGRADO EM ZOOTECNIA","PPIZ","PPIZ      ","65","PRÓ-REITORIA DE PÓS-GRADUAÇÃO E PESQUISA","605","FUNDAÇÃO UNIVERSIDADE FEDERAL DE SERGIPE","65","PRÓ-REITORIA DE PÓS-GRADUAÇÃO E PESQUISA","NÚCLEO                                            ","Programa de Pós Graduação"
"822","PROGRAMA DE PÓS-GRADUAÇÃO EM CIÊNCIA DA PROPRIEDADE INTELECTUAL","PPGPI","PPGPI     ","65","PRÓ-REITORIA DE PÓS-GRADUAÇÃO E PESQUISA","605","FUNDAÇÃO UNIVERSIDADE FEDERAL DE SERGIPE","65","PRÓ-REITORIA DE PÓS-GRADUAÇÃO E PESQUISA","NÚCLEO                                            ","Programa de Pós Graduação"
"242","PROGRAMA DE PÓS-GRADUAÇÃO EM CIÊNCIA E ENGENHARIA DE MATERIAIS","P2CEM","P2CEM     ","65","PRÓ-REITORIA DE PÓS-GRADUAÇÃO E PESQUISA","605","FUNDAÇÃO UNIVERSIDADE FEDERAL DE SERGIPE","65","PRÓ-REITORIA DE PÓS-GRADUAÇÃO E PESQUISA","NÚCLEO                                            ","Programa de Pós Graduação"
"222","PROGRAMA DE PÓS-GRADUAÇÃO EM CIÊNCIA E TECNOLOGIA DE ALIMENTOS","PROCTA","PROCTA    ","65","PRÓ-REITORIA DE PÓS-GRADUAÇÃO E PESQUISA","605","FUNDAÇÃO UNIVERSIDADE FEDERAL DE SERGIPE","65","PRÓ-REITORIA DE PÓS-GRADUAÇÃO E PESQUISA","NÚCLEO                                            ","Programa de Pós Graduação"
"133","PROGRAMA DE PÓS-GRADUAÇÃO EM QUÍMICA","PPGQ","PPGQ      ","65","PRÓ-REITORIA DE PÓS-GRADUAÇÃO E PESQUISA","605","FUNDAÇÃO UNIVERSIDADE FEDERAL DE SERGIPE","65","PRÓ-REITORIA DE PÓS-GRADUAÇÃO E PESQUISA","NÚCLEO                                            ","Programa de Pós Graduação"
"868","PROGRAMA DE PÓS-GRADUAÇÃO EM CIÊNCIAS APLICADAS À SAÚDE","PPGCAS","PPGCAS    ","65","PRÓ-REITORIA DE PÓS-GRADUAÇÃO E PESQUISA","605","FUNDAÇÃO UNIVERSIDADE FEDERAL DE SERGIPE","65","PRÓ-REITORIA DE PÓS-GRADUAÇÃO E PESQUISA","NÚCLEO                                            ","Programa de Pós Graduação"
"966","PROGRAMA DE PÓS-GRADUAÇÃO EM CIÊNCIAS DA NUTRIÇÃO","PPGCNUT","PPGCNUT   ","65","PRÓ-REITORIA DE PÓS-GRADUAÇÃO E PESQUISA","605","FUNDAÇÃO UNIVERSIDADE FEDERAL DE SERGIPE","65","PRÓ-REITORIA DE PÓS-GRADUAÇÃO E PESQUISA","NÚCLEO                                            ","Programa de Pós Graduação"
"857","PROGRAMA DE PÓS-GRADUAÇÃO EM CIÊNCIAS DA RELIGIÃO","PPGCR","PPGCR     ","65","PRÓ-REITORIA DE PÓS-GRADUAÇÃO E PESQUISA","605","FUNDAÇÃO UNIVERSIDADE FEDERAL DE SERGIPE","65","PRÓ-REITORIA DE PÓS-GRADUAÇÃO E PESQUISA","NÚCLEO                                            ","Programa de Pós Graduação"
"223","PROGRAMA DE PÓS-GRADUAÇÃO EM CIÊNCIAS FARMACÊUTICAS","PPGCF","PPGCF     ","65","PRÓ-REITORIA DE PÓS-GRADUAÇÃO E PESQUISA","605","FUNDAÇÃO UNIVERSIDADE FEDERAL DE SERGIPE","65","PRÓ-REITORIA DE PÓS-GRADUAÇÃO E PESQUISA","NÚCLEO                                            ","Programa de Pós Graduação"
"858","PROGRAMA DE PÓS-GRADUAÇÃO PROFISSIONAL EM LETRAS","PROLETRASI","PROLETRASI","65","PRÓ-REITORIA DE PÓS-GRADUAÇÃO E PESQUISA","605","FUNDAÇÃO UNIVERSIDADE FEDERAL DE SERGIPE","65","PRÓ-REITORIA DE PÓS-GRADUAÇÃO E PESQUISA","NÚCLEO                                            ","Programa de Pós Graduação"
"135","PROGRAMA DE PÓS-GRADUAÇÃO EM DESENVOLVIMENTO E MEIO AMBIENTE","PRODEMA","PRODEMA   ","65","PRÓ-REITORIA DE PÓS-GRADUAÇÃO E PESQUISA","605","FUNDAÇÃO UNIVERSIDADE FEDERAL DE SERGIPE","65","PRÓ-REITORIA DE PÓS-GRADUAÇÃO E PESQUISA","NÚCLEO                                            ","Programa de Pós Graduação"
"239","PROGRAMA DE PÓS-GRADUAÇÃO EM PSICOLOGIA","PPGPSI","PPGPSI    ","65","PRÓ-REITORIA DE PÓS-GRADUAÇÃO E PESQUISA","605","FUNDAÇÃO UNIVERSIDADE FEDERAL DE SERGIPE","65","PRÓ-REITORIA DE PÓS-GRADUAÇÃO E PESQUISA","NÚCLEO                                            ","Programa de Pós Graduação"
"728","PROGRAMA DE PÓS-GRADUAÇÃO EM COMUNICAÇÃO","PPGCOM","PPGCOM    ","65","PRÓ-REITORIA DE PÓS-GRADUAÇÃO E PESQUISA","605","FUNDAÇÃO UNIVERSIDADE FEDERAL DE SERGIPE","65","PRÓ-REITORIA DE PÓS-GRADUAÇÃO E PESQUISA","NÚCLEO                                            ","Programa de Pós Graduação"
"727","PROGRAMA DE PÓS-GRADUAÇÃO EM ODONTOLOGIA","PRODONTO","PRODONTO  ","65","PRÓ-REITORIA DE PÓS-GRADUAÇÃO E PESQUISA","605","FUNDAÇÃO UNIVERSIDADE FEDERAL DE SERGIPE","65","PRÓ-REITORIA DE PÓS-GRADUAÇÃO E PESQUISA","NÚCLEO                                            ","Programa de Pós Graduação"
"711","PROGRAMA DE PÓS-GRADUAÇÃO EM CIÊNCIAS FISIOLÓGICAS","PROCFIS","PROCFIS   ","65","PRÓ-REITORIA DE PÓS-GRADUAÇÃO E PESQUISA","605","FUNDAÇÃO UNIVERSIDADE FEDERAL DE SERGIPE","65","PRÓ-REITORIA DE PÓS-GRADUAÇÃO E PESQUISA","NÚCLEO                                            ","Programa de Pós Graduação"
"134","PROGRAMA DE PÓS-GRADUAÇÃO PROFISSIONAL EM ECONOMIA","PROPEC","PROPEC    ","65","PRÓ-REITORIA DE PÓS-GRADUAÇÃO E PESQUISA","605","FUNDAÇÃO UNIVERSIDADE FEDERAL DE SERGIPE","65","PRÓ-REITORIA DE PÓS-GRADUAÇÃO E PESQUISA","NÚCLEO                                            ","Programa de Pós Graduação"
"132","PROGRAMA DE PÓS-GRADUAÇÃO EM MATEMÁTICA","PROMAT","PROMAT    ","65","PRÓ-REITORIA DE PÓS-GRADUAÇÃO E PESQUISA","605","FUNDAÇÃO UNIVERSIDADE FEDERAL DE SERGIPE","65","PRÓ-REITORIA DE PÓS-GRADUAÇÃO E PESQUISA","NÚCLEO                                            ","Programa de Pós Graduação"
"717","PROGRAMA DE PÓS-GRADUAÇÃO EM DIREITO","PRODIR","PRODIR    ","65","PRÓ-REITORIA DE PÓS-GRADUAÇÃO E PESQUISA","605","FUNDAÇÃO UNIVERSIDADE FEDERAL DE SERGIPE","65","PRÓ-REITORIA DE PÓS-GRADUAÇÃO E PESQUISA","NÚCLEO                                            ","Programa de Pós Graduação"
"976","PROGRAMA DE PÓS-GRADUAÇÃO EM ENGENHARIA E CIÊNCIAS AMBIENTAIS","PPGECIA","PPGECIA   ","65","PRÓ-REITORIA DE PÓS-GRADUAÇÃO E PESQUISA","605","FUNDAÇÃO UNIVERSIDADE FEDERAL DE SERGIPE","65","PRÓ-REITORIA DE PÓS-GRADUAÇÃO E PESQUISA","NÚCLEO                                            ","Programa de Pós Graduação"
"136","PROGRAMA DE PÓS-GRADUAÇÃO EM EDUCAÇÃO","PPGED","PPGED     ","65","PRÓ-REITORIA DE PÓS-GRADUAÇÃO E PESQUISA","605","FUNDAÇÃO UNIVERSIDADE FEDERAL DE SERGIPE","65","PRÓ-REITORIA DE PÓS-GRADUAÇÃO E PESQUISA","NÚCLEO                                            ","Programa de Pós Graduação"
"847","PROGRAMA DE PÓS-GRADUAÇÃO PROFISSIONAL EM LETRAS","PROFLETRAS","PROFLETRAS","65","PRÓ-REITORIA DE PÓS-GRADUAÇÃO E PESQUISA","605","FUNDAÇÃO UNIVERSIDADE FEDERAL DE SERGIPE","65","PRÓ-REITORIA DE PÓS-GRADUAÇÃO E PESQUISA","NÚCLEO                                            ","Programa de Pós Graduação"
"225","PROGRAMA DE PÓS-GRADUAÇÃO EM ECOLOGIA E CONSERVAÇÃO","PPEC","PPEC      ","65","PRÓ-REITORIA DE PÓS-GRADUAÇÃO E PESQUISA","605","FUNDAÇÃO UNIVERSIDADE FEDERAL DE SERGIPE","65","PRÓ-REITORIA DE PÓS-GRADUAÇÃO E PESQUISA","NÚCLEO                                            ","Programa de Pós Graduação"
"130","PROGRAMA DE PÓS-GRADUAÇÃO EM FÍSICA","PPGFI","PPGFI     ","65","PRÓ-REITORIA DE PÓS-GRADUAÇÃO E PESQUISA","605","FUNDAÇÃO UNIVERSIDADE FEDERAL DE SERGIPE","65","PRÓ-REITORIA DE PÓS-GRADUAÇÃO E PESQUISA","NÚCLEO                                            ","Programa de Pós Graduação"
"735","PROGRAMA DE PÓS-GRADUAÇÃO EM HISTÓRIA","PROHIS","PROHIS    ","65","PRÓ-REITORIA DE PÓS-GRADUAÇÃO E PESQUISA","605","FUNDAÇÃO UNIVERSIDADE FEDERAL DE SERGIPE","65","PRÓ-REITORIA DE PÓS-GRADUAÇÃO E PESQUISA","NÚCLEO                                            ","Programa de Pós Graduação"
"866","PROGRAMA DE PÓS-GRADUAÇÃO EM ENFERMAGEM","PPGEN","PPGEN     ","65","PRÓ-REITORIA DE PÓS-GRADUAÇÃO E PESQUISA","605","FUNDAÇÃO UNIVERSIDADE FEDERAL DE SERGIPE","65","PRÓ-REITORIA DE PÓS-GRADUAÇÃO E PESQUISA","NÚCLEO                                            ","Programa de Pós Graduação"
"953","PROGRAMA DE PÓS-GRADUAÇÃO EM ECONOMIA","PPGE","PPGE      ","65","PRÓ-REITORIA DE PÓS-GRADUAÇÃO E PESQUISA","605","FUNDAÇÃO UNIVERSIDADE FEDERAL DE SERGIPE","65","PRÓ-REITORIA DE PÓS-GRADUAÇÃO E PESQUISA","NÚCLEO                                            ","Programa de Pós Graduação"
"960","PROGRAMA DE PÓS-GRADUAÇÃO PROFISSIONAL EM ENSINO DAS CIÊNCIAS AMBIENTAIS","PROF-CIAMB","PROFCIAMB ","65","PRÓ-REITORIA DE PÓS-GRADUAÇÃO E PESQUISA","605","FUNDAÇÃO UNIVERSIDADE FEDERAL DE SERGIPE","65","PRÓ-REITORIA DE PÓS-GRADUAÇÃO E PESQUISA","NÚCLEO                                            ","Programa de Pós Graduação"
"147","NÚCLEO DE PÓS-GRADUAÇÃO E PESQUISA EM ESTUDOS DO SEMI-ÁRIDO","NESA","NESA      ","65","PRÓ-REITORIA DE PÓS-GRADUAÇÃO E PESQUISA","605","FUNDAÇÃO UNIVERSIDADE FEDERAL DE SERGIPE","65","PRÓ-REITORIA DE PÓS-GRADUAÇÃO E PESQUISA","NÚCLEO                                            ","Programa de Pós Graduação"
"865","PROGRAMA DE PÓS-GRADUAÇÃO EM MEDICINA","PPGMED","MEDIC     ","65","PRÓ-REITORIA DE PÓS-GRADUAÇÃO E PESQUISA","605","FUNDAÇÃO UNIVERSIDADE FEDERAL DE SERGIPE","65","PRÓ-REITORIA DE PÓS-GRADUAÇÃO E PESQUISA","NÚCLEO                                            ","Programa de Pós Graduação"
"131","PROGRAMA DE PÓS-GRADUAÇÃO EM CIÊNCIAS DA SAÚDE","PPGCS","PPGCS     ","65","PRÓ-REITORIA DE PÓS-GRADUAÇÃO E PESQUISA","605","FUNDAÇÃO UNIVERSIDADE FEDERAL DE SERGIPE","65","PRÓ-REITORIA DE PÓS-GRADUAÇÃO E PESQUISA","NÚCLEO                                            ","Programa de Pós Graduação"
"843","PROGRAMA DE PÓS-GRADUAÇÃO EM DESENVOLVIMENTO E MEIO AMBIENTE","DDMA","DDMA      ","65","PRÓ-REITORIA DE PÓS-GRADUAÇÃO E PESQUISA","605","FUNDAÇÃO UNIVERSIDADE FEDERAL DE SERGIPE","65","PRÓ-REITORIA DE PÓS-GRADUAÇÃO E PESQUISA","NÚCLEO                                            ","Programa de Pós Graduação"
"841","PROGRAMA DE PÓS-GRADUAÇÃO PROFISSIONAL EM MATEMÁTICA","PROFMAT","PROFMAT   ","65","PRÓ-REITORIA DE PÓS-GRADUAÇÃO E PESQUISA","605","FUNDAÇÃO UNIVERSIDADE FEDERAL DE SERGIPE","65","PRÓ-REITORIA DE PÓS-GRADUAÇÃO E PESQUISA","DEPARTAMENTO                                      ","Programa de Pós Graduação"
"1162","PROGRAMA DE PÓS-GRADUAÇÃO EM ENSINO","RENOEN","RENOEN    ","65","PRÓ-REITORIA DE PÓS-GRADUAÇÃO E PESQUISA","605","FUNDAÇÃO UNIVERSIDADE FEDERAL DE SERGIPE","65","PRÓ-REITORIA DE PÓS-GRADUAÇÃO E PESQUISA","SETOR                                             ","Programa de Pós Graduação"
"1055","PROGRAMA DE PÓS-GRADUAÇÃO INTERDISCIPLINAR EM CULTURAS POPULARES","PPGCULT","CULTP     ","65","PRÓ-REITORIA DE PÓS-GRADUAÇÃO E PESQUISA","605","FUNDAÇÃO UNIVERSIDADE FEDERAL DE SERGIPE","65","PRÓ-REITORIA DE PÓS-GRADUAÇÃO E PESQUISA","NÚCLEO                                            ","Programa de Pós Graduação"
"137","PROGRAMA DE PÓS-GRADUAÇÃO EM GEOGRAFIA","PPGEO","PPGEO     ","65","PRÓ-REITORIA DE PÓS-GRADUAÇÃO E PESQUISA","605","FUNDAÇÃO UNIVERSIDADE FEDERAL DE SERGIPE","65","PRÓ-REITORIA DE PÓS-GRADUAÇÃO E PESQUISA","NÚCLEO                                            ","Programa de Pós Graduação"
"138","PROGRAMA DE PÓS-GRADUAÇÃO EM AGROECOSSISTEMAS","NEREN","NEREN     ","65","PRÓ-REITORIA DE PÓS-GRADUAÇÃO E PESQUISA","605","FUNDAÇÃO UNIVERSIDADE FEDERAL DE SERGIPE","65","PRÓ-REITORIA DE PÓS-GRADUAÇÃO E PESQUISA","NÚCLEO                                            ","Programa de Pós Graduação"
"240","PROGRAMA DE PÓS-GRADUAÇÃO EM BIOTECNOLOGIA RECURSOS NATURAIS","PROBIOTEC","BIOTC     ","65","PRÓ-REITORIA DE PÓS-GRADUAÇÃO E PESQUISA","605","FUNDAÇÃO UNIVERSIDADE FEDERAL DE SERGIPE","65","PRÓ-REITORIA DE PÓS-GRADUAÇÃO E PESQUISA","NÚCLEO                                            ","Programa de Pós Graduação"
"241","PROGRAMA DE PÓS-GRADUAÇÃO EM LETRAS","PPGL","PPGL      ","65","PRÓ-REITORIA DE PÓS-GRADUAÇÃO E PESQUISA","605","FUNDAÇÃO UNIVERSIDADE FEDERAL DE SERGIPE","65","PRÓ-REITORIA DE PÓS-GRADUAÇÃO E PESQUISA","NÚCLEO                                            ","Programa de Pós Graduação"
"712","PROGRAMA DE PÓS-GRADUAÇÃO EM ENGENHARIA ELÉTRICA","PROEE","PROEE     ","65","PRÓ-REITORIA DE PÓS-GRADUAÇÃO E PESQUISA","605","FUNDAÇÃO UNIVERSIDADE FEDERAL DE SERGIPE","65","PRÓ-REITORIA DE PÓS-GRADUAÇÃO E PESQUISA","NÚCLEO                                            ","Programa de Pós Graduação"
"713","PROGRAMA DE PÓS-GRADUAÇÃO EM GEOCIÊNCIAS E ANÁLISE DE BACIAS","PGAB","PGAB      ","65","PRÓ-REITORIA DE PÓS-GRADUAÇÃO E PESQUISA","605","FUNDAÇÃO UNIVERSIDADE FEDERAL DE SERGIPE","65","PRÓ-REITORIA DE PÓS-GRADUAÇÃO E PESQUISA","NÚCLEO                                            ","Programa de Pós Graduação"
"714","PROGRAMA DE PÓS-GRADUAÇÃO EM ZOOTECNIA","PROZOOTEC","ZOOTE     ","65","PRÓ-REITORIA DE PÓS-GRADUAÇÃO E PESQUISA","605","FUNDAÇÃO UNIVERSIDADE FEDERAL DE SERGIPE","65","PRÓ-REITORIA DE PÓS-GRADUAÇÃO E PESQUISA","NÚCLEO                                            ","Programa de Pós Graduação"
"729","PROGRAMA DE PÓS-GRADUAÇÃO EM FILOSOFIA","PPGF","PPGF      ","65","PRÓ-REITORIA DE PÓS-GRADUAÇÃO E PESQUISA","605","FUNDAÇÃO UNIVERSIDADE FEDERAL DE SERGIPE","65","PRÓ-REITORIA DE PÓS-GRADUAÇÃO E PESQUISA","NÚCLEO                                            ","Programa de Pós Graduação"
"1075","PROGRAMA DE PÓS-GRADUAÇÃO EM SEGURANÇA, SOCIEDADE E POLÍTICAS PÚBLICAS","PROPSEG","PPSEG     ","65","PRÓ-REITORIA DE PÓS-GRADUAÇÃO E PESQUISA","605","FUNDAÇÃO UNIVERSIDADE FEDERAL DE SERGIPE","65","PRÓ-REITORIA DE PÓS-GRADUAÇÃO E PESQUISA","NÚCLEO                                            ","Programa de Pós Graduação"
"1079","PROGRAMA DE PÓS-GRADUAÇÃO PROFISSIONAL EM GESTÃO E INOVAÇÃO TECNOLÓGICA EM SAÚDE","PPGITS","PPGITS    ","65","PRÓ-REITORIA DE PÓS-GRADUAÇÃO E PESQUISA","605","FUNDAÇÃO UNIVERSIDADE FEDERAL DE SERGIPE","65","PRÓ-REITORIA DE PÓS-GRADUAÇÃO E PESQUISA","NÚCLEO                                            ","Programa de Pós Graduação"
"224","PROGRAMA DE PÓS-GRADUAÇÃO EM ENSINO DE CIÊNCIAS E MATEMÁTICA","PPGECIMA","PPGECIMA  ","65","PRÓ-REITORIA DE PÓS-GRADUAÇÃO E PESQUISA","605","FUNDAÇÃO UNIVERSIDADE FEDERAL DE SERGIPE","65","PRÓ-REITORIA DE PÓS-GRADUAÇÃO E PESQUISA","NÚCLEO                                            ","Programa de Pós Graduação"
"716","PROGRAMA DE PÓS-GRADUAÇÃO EM ENGENHARIA CIVIL","PROEC","PROEC     ","65","PRÓ-REITORIA DE PÓS-GRADUAÇÃO E PESQUISA","605","FUNDAÇÃO UNIVERSIDADE FEDERAL DE SERGIPE","65","PRÓ-REITORIA DE PÓS-GRADUAÇÃO E PESQUISA","NÚCLEO                                            ","Programa de Pós Graduação"
"1144","PROGRAMA DE PÓS-GRADUAÇÃO EM CIÊNCIAS NATURAIS","PPGCN","PPGCN     ","65","PRÓ-REITORIA DE PÓS-GRADUAÇÃO E PESQUISA","605","FUNDAÇÃO UNIVERSIDADE FEDERAL DE SERGIPE","65","PRÓ-REITORIA DE PÓS-GRADUAÇÃO E PESQUISA","NÚCLEO                                            ","Programa de Pós Graduação"
"1250","CAMPUS DE INOVAÇÃO DE ESTÂNCIA","CAMPUSEST","CAMPUSEST ","605","FUNDAÇÃO UNIVERSIDADE FEDERAL DE SERGIPE","605","FUNDAÇÃO UNIVERSIDADE FEDERAL DE SERGIPE","605","FUNDAÇÃO UNIVERSIDADE FEDERAL DE SERGIPE","CENTRO                                            ","Centro"
"724","PROGRAMA DE QUALIFICAÇÃO DOCENTE","PQD","PQD       ","605","FUNDAÇÃO UNIVERSIDADE FEDERAL DE SERGIPE","605","FUNDAÇÃO UNIVERSIDADE FEDERAL DE SERGIPE","605","FUNDAÇÃO UNIVERSIDADE FEDERAL DE SERGIPE","CENTRO                                            ","Centro"
"118","CAMPUS PROFESSOR ALBERTO CARVALHO","CAMPUSITA","CAMPUSITA ","605","FUNDAÇÃO UNIVERSIDADE FEDERAL DE SERGIPE","605","FUNDAÇÃO UNIVERSIDADE FEDERAL DE SERGIPE","605","FUNDAÇÃO UNIVERSIDADE FEDERAL DE SERGIPE","CENTRO                                            ","Centro"
"120","CAMPUS DE LARANJEIRAS","CAMPUSLAR","CAMPUSLAR ","605","FUNDAÇÃO UNIVERSIDADE FEDERAL DE SERGIPE","605","FUNDAÇÃO UNIVERSIDADE FEDERAL DE SERGIPE","605","FUNDAÇÃO UNIVERSIDADE FEDERAL DE SERGIPE","CENTRO                                            ","Centro"
"931","CAMPUS DO SERTÃO","CAMPUSSER","CAMPUSSER ","605","FUNDAÇÃO UNIVERSIDADE FEDERAL DE SERGIPE","605","FUNDAÇÃO UNIVERSIDADE FEDERAL DE SERGIPE","605","FUNDAÇÃO UNIVERSIDADE FEDERAL DE SERGIPE","CENTRO                                            ","Centro"
"80","CENTRO DE CIÊNCIAS EXATAS E TECNOLOGIA","CCET","CCET      ","605","FUNDAÇÃO UNIVERSIDADE FEDERAL DE SERGIPE","605","FUNDAÇÃO UNIVERSIDADE FEDERAL DE SERGIPE","605","FUNDAÇÃO UNIVERSIDADE FEDERAL DE SERGIPE","CENTRO                                            ","Centro"
"87","CENTRO DE CIÊNCIAS BIOLÓGICAS E DA SAÚDE","CCBS","CCBS      ","605","FUNDAÇÃO UNIVERSIDADE FEDERAL DE SERGIPE","605","FUNDAÇÃO UNIVERSIDADE FEDERAL DE SERGIPE","605","FUNDAÇÃO UNIVERSIDADE FEDERAL DE SERGIPE","CENTRO                                            ","Centro"
"96","CENTRO DE CIENCIAS SOCIAIS APLICADAS","CCSA","CCSA      ","605","FUNDAÇÃO UNIVERSIDADE FEDERAL DE SERGIPE","605","FUNDAÇÃO UNIVERSIDADE FEDERAL DE SERGIPE","605","FUNDAÇÃO UNIVERSIDADE FEDERAL DE SERGIPE","CENTRO                                            ","Centro"
"102","CENTRO DE EDUCAÇÃO E CIÊNCIAS HUMANAS","CECH","CECH      ","605","FUNDAÇÃO UNIVERSIDADE FEDERAL DE SERGIPE","605","FUNDAÇÃO UNIVERSIDADE FEDERAL DE SERGIPE","605","FUNDAÇÃO UNIVERSIDADE FEDERAL DE SERGIPE","CENTRO                                            ","Centro"
"247","CAMPUS DE LAGARTO","CAMPUSLAG","CAMPUSLAG ","605","FUNDAÇÃO UNIVERSIDADE FEDERAL DE SERGIPE","605","FUNDAÇÃO UNIVERSIDADE FEDERAL DE SERGIPE","605","FUNDAÇÃO UNIVERSIDADE FEDERAL DE SERGIPE","CENTRO                                            ","Centro"
"855","CENTRO DE CIÊNCIAS AGRÁRIAS APLICADAS","CCAA","CCAA      ","605","FUNDAÇÃO UNIVERSIDADE FEDERAL DE SERGIPE","605","FUNDAÇÃO UNIVERSIDADE FEDERAL DE SERGIPE","605","FUNDAÇÃO UNIVERSIDADE FEDERAL DE SERGIPE","CENTRO                                            ","Centro"
"877","PROGRAMA MULTIDISCIPLINAR EM TECNOLOGIA DE PETRÓLEO, GÁS NATURAL E BIOCOMBUSTÍVEIS","PRH45","PRHPG     ","80","CENTRO DE CIÊNCIAS EXATAS E TECNOLOGIA","605","FUNDAÇÃO UNIVERSIDADE FEDERAL DE SERGIPE","80","CENTRO DE CIÊNCIAS EXATAS E TECNOLOGIA","NÚCLEO                                            ","Unidade Acadêmica Específica"
"1266","PROGRAMA DE RESIDÊNCIA MÉDICA EM PEDIATRIA","PRMPED","PRMPED    ","1088","COMISSÃO DE RESIDÊNCIA MÉDICA / HUL","605","FUNDAÇÃO UNIVERSIDADE FEDERAL DE SERGIPE","1088","COMISSÃO DE RESIDÊNCIA MÉDICA / HUL","SETOR                                             ","Programa de Residência"
"1265","PROGRAMA DE RESIDÊNCIA MÉDICA EM CIRURGIA GERAL","PRMCG","PRMCG     ","1088","COMISSÃO DE RESIDÊNCIA MÉDICA / HUL","605","FUNDAÇÃO UNIVERSIDADE FEDERAL DE SERGIPE","1088","COMISSÃO DE RESIDÊNCIA MÉDICA / HUL","SETOR                                             ","Programa de Residência"
"1160","PROGRAMA DE RESIDÊNCIA MÉDICA EM OFTALMOLOGIA","PRM-OFT","RMEOFT    ","1087","COMISSÃO DE RESIDÊNCIA MÉDICA / HU","605","FUNDAÇÃO UNIVERSIDADE FEDERAL DE SERGIPE","1087","COMISSÃO DE RESIDÊNCIA MÉDICA / HU","NÚCLEO                                            ","Programa de Residência"
"1157","PROGRAMA DE RESIDÊNCIA PROFISSIONAL EM FÍSICA MÉDICA","PRMU-FM","RMUFM     ","1081","COMISSÃO DE RESIDÊNCIA PROFISSIONAL E MULTIPROFISSIONAL EM SAÚDE","605","FUNDAÇÃO UNIVERSIDADE FEDERAL DE SERGIPE","1081","COMISSÃO DE RESIDÊNCIA PROFISSIONAL E MULTIPROFISSIONAL EM SAÚDE","NÚCLEO                                            ","Programa de Residência"
"1158","PROGRAMA DE RESIDÊNCIA MULTIPROFISSIONAL EM CIÊNCIAS AGRÁRIAS","PRMU-CA","RMUCA     ","203","DEPARTAMENTO DE ZOOTECNIA","605","FUNDAÇÃO UNIVERSIDADE FEDERAL DE SERGIPE","203","DEPARTAMENTO DE ZOOTECNIA","NÚCLEO                                            ","Programa de Residência"
"1161","PROGRAMA DE RESIDÊNCIA MÉDICA EM PSIQUIATRIA","PRM-PSI","RMEPSI    ","1087","COMISSÃO DE RESIDÊNCIA MÉDICA / HU","605","FUNDAÇÃO UNIVERSIDADE FEDERAL DE SERGIPE","1087","COMISSÃO DE RESIDÊNCIA MÉDICA / HU","NÚCLEO                                            ","Programa de Residência"
"1099","PROGRAMA DE RESIDÊNCIA MÉDICA EM ANESTESIOLOGIA","PRM-ANE","RMEANE    ","1087","COMISSÃO DE RESIDÊNCIA MÉDICA / HU","605","FUNDAÇÃO UNIVERSIDADE FEDERAL DE SERGIPE","1087","COMISSÃO DE RESIDÊNCIA MÉDICA / HU","NÚCLEO                                            ","Programa de Residência"
"1100","PROGRAMA DE RESIDÊNCIA MÉDICA EM CIRURGIA DO APARELHO DIGESTIVO","PRM-CAD","RMECAD    ","1087","COMISSÃO DE RESIDÊNCIA MÉDICA / HU","605","FUNDAÇÃO UNIVERSIDADE FEDERAL DE SERGIPE","1087","COMISSÃO DE RESIDÊNCIA MÉDICA / HU","NÚCLEO                                            ","Programa de Residência"
"1101","PROGRAMA DE RESIDÊNCIA MÉDICA EM CIRURGIA GERAL","PRM-CGE","RMECGE    ","1087","COMISSÃO DE RESIDÊNCIA MÉDICA / HU","605","FUNDAÇÃO UNIVERSIDADE FEDERAL DE SERGIPE","1087","COMISSÃO DE RESIDÊNCIA MÉDICA / HU","NÚCLEO                                            ","Programa de Residência"
"1102","PROGRAMA DE RESIDÊNCIA MÉDICA EM CIRURGIA PLÁSTICA","PRM-CPL","RMECPL    ","1087","COMISSÃO DE RESIDÊNCIA MÉDICA / HU","605","FUNDAÇÃO UNIVERSIDADE FEDERAL DE SERGIPE","1087","COMISSÃO DE RESIDÊNCIA MÉDICA / HU","NÚCLEO                                            ","Programa de Residência"
"1103","PROGRAMA DE RESIDÊNCIA MÉDICA EM CLÍNICA MÉDICA","PRM-CME","RMECME    ","1087","COMISSÃO DE RESIDÊNCIA MÉDICA / HU","605","FUNDAÇÃO UNIVERSIDADE FEDERAL DE SERGIPE","1087","COMISSÃO DE RESIDÊNCIA MÉDICA / HU","NÚCLEO                                            ","Programa de Residência"
"1104","PROGRAMA DE RESIDÊNCIA MÉDICA EM COLOPROCTOLOGIA","PRM-COL","RMECOL    ","1087","COMISSÃO DE RESIDÊNCIA MÉDICA / HU","605","FUNDAÇÃO UNIVERSIDADE FEDERAL DE SERGIPE","1087","COMISSÃO DE RESIDÊNCIA MÉDICA / HU","NÚCLEO                                            ","Programa de Residência"
"1105","PROGRAMA DE RESIDÊNCIA MÉDICA EM DERMATOLOGIA","PRM-DER","RMEDER    ","1087","COMISSÃO DE RESIDÊNCIA MÉDICA / HU","605","FUNDAÇÃO UNIVERSIDADE FEDERAL DE SERGIPE","1087","COMISSÃO DE RESIDÊNCIA MÉDICA / HU","NÚCLEO                                            ","Programa de Residência"
"1106","PROGRAMA DE RESIDÊNCIA MÉDICA EM ENDOCRINOLOGIA","PRM-END","RMEEND    ","1087","COMISSÃO DE RESIDÊNCIA MÉDICA / HU","605","FUNDAÇÃO UNIVERSIDADE FEDERAL DE SERGIPE","1087","COMISSÃO DE RESIDÊNCIA MÉDICA / HU","NÚCLEO                                            ","Programa de Residência"
"1108","PROGRAMA DE RESIDÊNCIA MÉDICA EM INFECTOLOGIA","PRM-INF","RMEINF    ","1087","COMISSÃO DE RESIDÊNCIA MÉDICA / HU","605","FUNDAÇÃO UNIVERSIDADE FEDERAL DE SERGIPE","1087","COMISSÃO DE RESIDÊNCIA MÉDICA / HU","NÚCLEO                                            ","Programa de Residência"
"1109","PROGRAMA DE RESIDÊNCIA MÉDICA EM MASTOLOGIA","PRM-MAS","RMEMAS    ","1087","COMISSÃO DE RESIDÊNCIA MÉDICA / HU","605","FUNDAÇÃO UNIVERSIDADE FEDERAL DE SERGIPE","1087","COMISSÃO DE RESIDÊNCIA MÉDICA / HU","NÚCLEO                                            ","Programa de Residência"
"1110","PROGRAMA DE RESIDÊNCIA MÉDICA EM MEDICINA DE FAMÍLIA E COMUNIDADE","PRM-MFC","RMEMFC    ","1087","COMISSÃO DE RESIDÊNCIA MÉDICA / HU","605","FUNDAÇÃO UNIVERSIDADE FEDERAL DE SERGIPE","1087","COMISSÃO DE RESIDÊNCIA MÉDICA / HU","NÚCLEO                                            ","Programa de Residência"
"1111","PROGRAMA DE RESIDÊNCIA MÉDICA EM MEDICINA INTENSIVA","PRM-MIN","RMEMIN    ","1087","COMISSÃO DE RESIDÊNCIA MÉDICA / HU","605","FUNDAÇÃO UNIVERSIDADE FEDERAL DE SERGIPE","1087","COMISSÃO DE RESIDÊNCIA MÉDICA / HU","NÚCLEO                                            ","Programa de Residência"
"1112","PROGRAMA DE RESIDÊNCIA MÉDICA EM NEFROLOGIA","PRM-NEF","RMENEF    ","1087","COMISSÃO DE RESIDÊNCIA MÉDICA / HU","605","FUNDAÇÃO UNIVERSIDADE FEDERAL DE SERGIPE","1087","COMISSÃO DE RESIDÊNCIA MÉDICA / HU","NÚCLEO                                            ","Programa de Residência"
"1113","PROGRAMA DE RESIDÊNCIA MÉDICA EM NEUROLOGIA","PRM-NEU","RMENEU    ","1087","COMISSÃO DE RESIDÊNCIA MÉDICA / HU","605","FUNDAÇÃO UNIVERSIDADE FEDERAL DE SERGIPE","1087","COMISSÃO DE RESIDÊNCIA MÉDICA / HU","NÚCLEO                                            ","Programa de Residência"
"1115","PROGRAMA DE RESIDÊNCIA MÉDICA EM ORTOPEDIA E TRAUMATOLOGIA","PRM-OTR","RMEOTR    ","1087","COMISSÃO DE RESIDÊNCIA MÉDICA / HU","605","FUNDAÇÃO UNIVERSIDADE FEDERAL DE SERGIPE","1087","COMISSÃO DE RESIDÊNCIA MÉDICA / HU","NÚCLEO                                            ","Programa de Residência"
"1116","PROGRAMA DE RESIDÊNCIA MÉDICA EM OTORRINOLARINGOLOGIA","PRM-OTO","RMEOTO    ","1087","COMISSÃO DE RESIDÊNCIA MÉDICA / HU","605","FUNDAÇÃO UNIVERSIDADE FEDERAL DE SERGIPE","1087","COMISSÃO DE RESIDÊNCIA MÉDICA / HU","NÚCLEO                                            ","Programa de Residência"
"1117","PROGRAMA DE RESIDÊNCIA MÉDICA EM CLÍNICA MÉDICA","PRM-LCM","RMELCM    ","1088","COMISSÃO DE RESIDÊNCIA MÉDICA / HUL","605","FUNDAÇÃO UNIVERSIDADE FEDERAL DE SERGIPE","1088","COMISSÃO DE RESIDÊNCIA MÉDICA / HUL","NÚCLEO                                            ","Programa de Residência"
"1118","PROGRAMA DE RESIDÊNCIA MÉDICA EM ORTOPEDIA E TRAUMATOLOGIA","PRM-LOT","RMELOT    ","1088","COMISSÃO DE RESIDÊNCIA MÉDICA / HUL","605","FUNDAÇÃO UNIVERSIDADE FEDERAL DE SERGIPE","1088","COMISSÃO DE RESIDÊNCIA MÉDICA / HUL","NÚCLEO                                            ","Programa de Residência"
"1119","PROGRAMA DE RESIDÊNCIA MÉDICA EM PEDIATRIA","PRM-PED","RMEPED    ","1087","COMISSÃO DE RESIDÊNCIA MÉDICA / HU","605","FUNDAÇÃO UNIVERSIDADE FEDERAL DE SERGIPE","1087","COMISSÃO DE RESIDÊNCIA MÉDICA / HU","NÚCLEO                                            ","Programa de Residência"
"1120","PROGRAMA DE RESIDÊNCIA MÉDICA EM PNEUMOLOGIA","PRM-PNE","RMEPNE    ","1087","COMISSÃO DE RESIDÊNCIA MÉDICA / HU","605","FUNDAÇÃO UNIVERSIDADE FEDERAL DE SERGIPE","1087","COMISSÃO DE RESIDÊNCIA MÉDICA / HU","NÚCLEO                                            ","Programa de Residência"
"1121","PROGRAMA DE RESIDÊNCIA MÉDICA EM RADIOLOGIA E DIAGNÓSTICO POR IMAGEM","PRM-RDI","RMERDI    ","1087","COMISSÃO DE RESIDÊNCIA MÉDICA / HU","605","FUNDAÇÃO UNIVERSIDADE FEDERAL DE SERGIPE","1087","COMISSÃO DE RESIDÊNCIA MÉDICA / HU","NÚCLEO                                            ","Programa de Residência"
"1122","PROGRAMA DE RESIDÊNCIA MÉDICA EM REUMATOLOGIA","PRM-REU","RMEREU    ","1087","COMISSÃO DE RESIDÊNCIA MÉDICA / HU","605","FUNDAÇÃO UNIVERSIDADE FEDERAL DE SERGIPE","1087","COMISSÃO DE RESIDÊNCIA MÉDICA / HU","NÚCLEO                                            ","Programa de Residência"
"1123","PROGRAMA DE RESIDÊNCIA PROFISSIONAL EM ENFERMAGEM OBSTÉTRICA","PRMU-EO","RMUEOB    ","1081","COMISSÃO DE RESIDÊNCIA PROFISSIONAL E MULTIPROFISSIONAL EM SAÚDE","605","FUNDAÇÃO UNIVERSIDADE FEDERAL DE SERGIPE","1081","COMISSÃO DE RESIDÊNCIA PROFISSIONAL E MULTIPROFISSIONAL EM SAÚDE","NÚCLEO                                            ","Programa de Residência"
"1114","PROGRAMA DE RESIDÊNCIA MÉDICA EM GINECOLOGIA E OBSTETRÍCIA","PRM-GEO","RMEGEO    ","1087","COMISSÃO DE RESIDÊNCIA MÉDICA / HU","605","FUNDAÇÃO UNIVERSIDADE FEDERAL DE SERGIPE","1087","COMISSÃO DE RESIDÊNCIA MÉDICA / HU","NÚCLEO                                            ","Programa de Residência"
"1124","PROGRAMA DE RESIDÊNCIA MULTIPROFISSIONAL EM ATENÇÃO HOSPITALAR À SAÚDE","PRMU-LAH","RMULAH    ","1081","COMISSÃO DE RESIDÊNCIA PROFISSIONAL E MULTIPROFISSIONAL EM SAÚDE","605","FUNDAÇÃO UNIVERSIDADE FEDERAL DE SERGIPE","1081","COMISSÃO DE RESIDÊNCIA PROFISSIONAL E MULTIPROFISSIONAL EM SAÚDE","NÚCLEO                                            ","Programa de Residência"
"1125","PROGRAMA DE RESIDÊNCIA MULTIPROFISSIONAL EM EPIDEMIOLOGIA HOSPITALAR","PRMU-EPH","RMUEPH    ","1081","COMISSÃO DE RESIDÊNCIA PROFISSIONAL E MULTIPROFISSIONAL EM SAÚDE","605","FUNDAÇÃO UNIVERSIDADE FEDERAL DE SERGIPE","1081","COMISSÃO DE RESIDÊNCIA PROFISSIONAL E MULTIPROFISSIONAL EM SAÚDE","NÚCLEO                                            ","Programa de Residência"
"1128","PROGRAMA DE RESIDÊNCIA MULTIPROFISSIONAL EM SAÚDE MENTAL","PRMU-SM","RMUSME    ","1081","COMISSÃO DE RESIDÊNCIA PROFISSIONAL E MULTIPROFISSIONAL EM SAÚDE","605","FUNDAÇÃO UNIVERSIDADE FEDERAL DE SERGIPE","1081","COMISSÃO DE RESIDÊNCIA PROFISSIONAL E MULTIPROFISSIONAL EM SAÚDE","NÚCLEO                                            ","Programa de Residência"
"1131","PROGRAMA DE RESIDÊNCIA MULTIPROFISSIONAL EM SAÚDE DO ADULTO E DO IDOSO","PRMU-SAI","RMUSAI    ","1081","COMISSÃO DE RESIDÊNCIA PROFISSIONAL E MULTIPROFISSIONAL EM SAÚDE","605","FUNDAÇÃO UNIVERSIDADE FEDERAL DE SERGIPE","1081","COMISSÃO DE RESIDÊNCIA PROFISSIONAL E MULTIPROFISSIONAL EM SAÚDE","NÚCLEO                                            ","Programa de Residência"
"1137","PROGRAMA DE RESIDÊNCIA MULTIPROFISSIONAL EM SAÚDE DA FAMÍLIA","PRMU-SFA","RMUSFA    ","1081","COMISSÃO DE RESIDÊNCIA PROFISSIONAL E MULTIPROFISSIONAL EM SAÚDE","605","FUNDAÇÃO UNIVERSIDADE FEDERAL DE SERGIPE","1081","COMISSÃO DE RESIDÊNCIA PROFISSIONAL E MULTIPROFISSIONAL EM SAÚDE","NÚCLEO                                            ","Programa de Residência"
"1138","PROGRAMA DE RESIDÊNCIA MULTIPROFISSIONAL EM SAÚDE DA FAMÍLIA","PRMU-LSF","RMULSF    ","1081","COMISSÃO DE RESIDÊNCIA PROFISSIONAL E MULTIPROFISSIONAL EM SAÚDE","605","FUNDAÇÃO UNIVERSIDADE FEDERAL DE SERGIPE","1081","COMISSÃO DE RESIDÊNCIA PROFISSIONAL E MULTIPROFISSIONAL EM SAÚDE","NÚCLEO                                            ","Programa de Residência"
"1107","PROGRAMA DE RESIDÊNCIA MÉDICA EM PRÉ-REQUISITO EM ÁREA CIRÚRGICA BÁSICA","PRM-ACB","RMEACB    ","1087","COMISSÃO DE RESIDÊNCIA MÉDICA / HU","605","FUNDAÇÃO UNIVERSIDADE FEDERAL DE SERGIPE","1087","COMISSÃO DE RESIDÊNCIA MÉDICA / HU","NÚCLEO                                            ","Programa de Residência"
